banking,technology,finance,marketing,analytics,management,cyber security,data science
banking,technology,finance,marketing,analytics,management,cyber security,data science
account,bitcoin,audit,analyse,account,contract,bitcoin,analyse
analyse,fintech,bank,audit,analyse,customer,application,audit
audit,.net,bitcoin,budget,application,alternative,crypto,clients
bank,api,budget,capital,cloud,computer,encryption,application
bitcoin,application,business,clients,research,team,research,artificial
budget,aws,capital,commercial,alternative,,alternative,cloud
business,cloud,clients,consumer,aggregating,,agile,research
capital,crypto,commercial,contract,agile,,algorithm,alternative
clients,deployment,consumer,corporate,algorithm,,computer,agile
commercial,develop,contract,customer,automate,,authentication,algorithm
consumer,encryption,corporate,global,collection,,biometrics,collection
contract,intelligence,customer,product,computer,,credentials,computer
corporate,internet-of-things,finance,alternative,data,,cyber,data
customer,java,fintech,cash,network,,digital,network
finance,startup,global,channels,analytics,,privacy,ai
fintech,tech,treasury,commodity,computing,,source,chatbot
global,program,venture,compete,statistics,,,computing
transact,technology,private,compliance,visualizations,,,distributed
transfer,troubleshoot,tools,consult,model,,,statistics
treasury,web,alternative,credit,,,,visualizations
private,agile,cash,advisory,,,,model
process,algorithm,centralized,aggregating,,,,intelligence
protocol,automate,channels,agreement,,,,machine
tools,computer,commodity,export,,,,software
alternative,network,compete,market,,,,protocol
cash,ai,compliance,money,,,,automate
centralized,biometrics,consult,project,,,,analytics
channels,cyber,credit,recession,,,,optimization
commodity,digital,crowdfund,team,,,,digital
compete,chatbot,debit,statistics,,,,
compliance,transact,decentralise,visualizations,,,,
consult,transfer,advisory,,,,,
credit,sql,agreement,,,,,
crowdfund,tools,export,,,,,
debit,centralized,market,,,,,
decentralise,decentralise,money,,,,,
advisory,aggregating,privacy,,,,,
agreement,privacy,,,,,,
money,computing,,,,,,
recession,distributed,,,,,,
privacy,architect,,,,,,